id,name,email
1,Justin Roberts,martinhernandez@stevenson.info
2,Ryan Lee,gonzalesgrant@example
3,Michael Owen,keithjohnson@mccarthy-brown.com
4,Jeanette Smith,mbrown@thompson-perez.com
5,Mark Wood,ashleyatkins@gmail.com
6,Jim Williams,gpugh@russell.com
7,Robert Clark,daniel88@hotmail.com
8,Victoria Hernandez,pmiller@sparks.com
9,Jacob Green,nathanallen@
10,Leah Fletcher,johncampbell@padilla-wood.net
11,Mary Lee,danielle44@wallace.com
12,Alison Weaver,zcalderon@snyder-davis.org
13,Sean Davis,carrollkathy@gmail.com
14,Dawn Mcdowell,melissa35@example
15,Jay Washington,thomasjames@@example.com
16,Daniel Schultz,watkinson@hotmail.com
17,Kara Kelley,joshuanelson@example
18,Stacy Turner,cassandracline@potter.com
19,Ryan Green,lowerylisa@example
20,Gregory Davila,michellepowell[at]example.com
21,Jacob Robinson V,nielsenbrian@gmail.com
22,Kevin Chavez,lindacrawford@carter.com
23,Jeffrey Sherman,davishunter@hotmail.com
24,Tonya Salas,zunigasusan@powell.com
25,Jason Black,jonathan15@murphy.com
26,Kristin Rogers,scottedwards@hotmail.com
27,Emily Smith,santosbreanna@gmail.com
28,Marc Barnes,hthomas@hotmail.com
29,Sabrina Stewart,scotthunter@
30,Yvonne Elliott,davidchapman@gmail.com
31,Lacey Walters,dcooper@gay.com
32,Samantha Price,nwiley@donovan-mueller.net
33,Jordan Stevens,josephmcleanexample.com
34,Melissa Johnston,crice[at]example.com
35,Joan Obrien,janet40@hotmail.com
36,Dr. Richard Moore,nyoung@yahoo.com
37,Mrs. Jennifer Thomas,craignathan@ortiz.com
38,Scott Potter,gbrown[at]example.com
39,Alejandro Smith,pacesara@young.com
40,Cynthia Ferguson,michael09@day.com
41,Gary Cantrell,susanhicks@hotmail.com
42,Sabrina Pierce,amber28@pruitt-beck.com
43,Kimberly Fox,christinevaldez@
44,Brett Gutierrez,whiterobert@yahoo.com
45,Andrea Gomez,codyescobar@yahoo.com
46,Michael Barry,simpsonmeghan@pugh.net
47,Michael Neal,caitlingonzalez@bell.com
48,Nancy Gomez,christinasullivan@gmail.com
49,Marilyn Ryan,leonardandrew@montgomery-long.org
50,Tammy Matthews,victorsmith@reid-robertson.net
51,Russell Johnson,katieestrada@yahoo.com
52,Angela Conrad,hailey16@gmail.com
53,Fred Kennedy,cchapman@hotmail.com
54,Michelle Garcia,kaitlyn02@gmail.com
55,Lindsay Silva,elizabeth15@hunter-stevenson.com
56,Miss Kayla Smith,andreaharper@martin.com
57,Christina Jones,edwardjones@bradley.com
58,Katherine Fuller,kimberly57@example
59,Anna Baker,lluna@@example.com
60,Steve Sanchez,campbellmichael@gmail.com
61,Jorge Wilkerson,diazcharles@hotmail.com
62,Lindsey Mccormick,cbrooks@reyes.com
63,Michelle Armstrong,morasharon@curry.com
64,Kelly Howard,carlos13@gmail.com
65,Jorge Oneal,eramos@
66,Felicia Hoffman,guerrerosusan@vazquez.biz
67,Zachary Nichols,danielleshaw@yahoo.com
68,Latoya Banks,mcdonaldsamantha@example
69,Vanessa Moore,williammorgan@gmail.com
70,Joshua Smith,dianasmith@@example.com
71,Dan Wagner,stanleypeter@hotmail.com
72,Derek Kelley,cbatesexample.com
73,Mrs. Robyn Conway,gshaw@holmes.com
74,Kaitlyn White,stephen74@hotmail.com
75,Michael Price,juan66@hotmail.com
76,Robert Adkins,tyler31@@example.com
77,Anne Schwartz,morrisleah@example
78,Patrick Marquez,luisschultz@gmail.com
79,Jessica Pierce,cpriceexample.com
80,Jeremy Fernandez,huntergerald@hotmail.com
81,Jorge Avery,laura28@lucero-buchanan.com
82,Tiffany Warren,reynoldsmichael@hotmail.com
83,Kevin Graham,awhite@norris.com
84,Richard Rosales,thomasfarmer@@example.com
85,Sara Davis,phillip37@grimes.com
86,Jonathan Tucker,leematthew@
87,Kevin Rose,wilsonruth@caldwell.com
88,Brandy Bowers,matthewsanna@taylor-bryan.com
89,Jillian Smith,sthompson@johnson.net
90,Lisa Jackson,sheila97example.com
91,Michael Benitez,opeterson@gmail.com
92,William Hill,dominicprince@yahoo.com
93,Dustin Williams,eschneider@example
94,Jared Lopez,annagray@hotmail.com
95,Rebecca Mccullough,christopher19@hotmail.com
96,Joseph Morris,kporter@perry-salas.com
97,Sandra Maxwell,gwoods@yahoo.com
98,James Willis,gabriella61@cox-taylor.com
99,Jonathan Freeman,tracie33@huerta.com
100,Karen Callahan,robinsonzachary@gmail.com
101,Kaen Callah aobinsonzary @gmail.com
102,Kare Calhan,robinsonzacharygmail.com
103,Kren Clahan,robinsonzachar y@
